{
    "xgboost": {
        "accuracy": 0.869031168432366,
        "f1_score": 0.6969804618117229,
        "roc_auc": 0.9264602592806587
    },
    "neural_network": {
        "accuracy": 0.7950253339474896,
        "f1_score": 0.4111160123511248,
        "roc_auc": 0.6354163012525536
    }
}